project_name,status,failure_reason,main_entry_count,closure_file_count,unresolved_include_count,loc,subcircuit_count,component_call_count,r_known_hit_count,r_known_hit_rate,signal_count,private_signal_count,private_signal_ratio,signal_count_compact,private_signal_count_compact,private_signal_ratio_compact
0b501e7e_voca,ok,,7,41,0,27002,33,100,80,0.800000,731,216,0.295486,311,190,0.610932
0xc0de42_zk-sandbox,ok,,18,18,20,502,23,29,13,0.448276,59,18,0.305085,58,17,0.293103
0xEigenLabs_eigen-secret,ok,,2,32,0,26926,15,125,110,0.880000,801,269,0.335830,326,193,0.592025
0xEigenLabs_zk-dex,ok,,4,14,1,827,4,56,53,0.946429,514,42,0.081712,92,21,0.228261
0xEigenLabs_zk-mixer,ok,,1,11,0,25507,2,18,17,0.944444,427,12,0.028103,46,10,0.217391
0xgeorgemathew_rip-contracts,ok,,1,9,0,25497,2,36,34,0.944444,460,28,0.060870,73,20,0.273973
0xisk_exploring-circom,ok,,8,36,2,27263,43,166,45,0.271084,1856,208,0.112069,197,79,0.401015
0xmkar_BlackBox,ok,,4,6,0,25181,4,2,2,1.000000,36,10,0.277778,27,6,0.222222
0xNullLabs_ZWToken,ok,,1,8,0,25411,3,20,20,1.000000,434,16,0.036866,52,13,0.250000
0xPARC_circom-ecdsa,ok,,21,44,0,68943,64,211,41,0.194313,2184,259,0.118590,244,71,0.290984
0xPARC_zkrepl,ok,,2,2,1,25,2,1,1,1.000000,4,1,0.250000,4,1,0.250000
0xPolygon_zkevm-proverjs,ok,,2,2,5,204,2,5,3,0.600000,86738,86434,0.996495,59,56,0.949153
0xruhum_zk-nft-auth,ok,,22,60,0,162312,128,412,72,0.174757,3939,539,0.136837,440,154,0.350000
0xShiiro_ZK-learnings,ok,,3,3,0,51,5,5,0,0.000000,11,3,0.272727,11,3,0.272727
10234567Z_Aegis,ok,,1,13,0,25869,2,45,45,1.000000,535,46,0.085981,99,23,0.232323
2281469043_zkKYC_and_zkCBPR,ok,,98,203,0,57101,52,505,491,0.972277,44735,3590,0.080250,732,300,0.409836
2dvorak_zk-jwt-poc,ok,,1,22,0,26088,7,63,50,0.793651,20644,852,0.041271,97,29,0.298969
4darsh-Dev_AutoDoc_DUHACKS4,ok,,1,1,0,101,6,1,1,1.000000,9,1,0.111111,9,1,0.111111
8e8b2c_zkholo-battleships,ok,,2,5,0,25220,2,4,3,0.750000,45,31,0.688889,16,3,0.187500
ABaaaC_zkKaggle,ok,,7,8,28,626,8,23,0,0.000000,279271,270046,0.966968,39,27,0.692308
abdulsaheel_obscura,ok,,1,9,0,25409,3,21,20,0.952381,429,14,0.032634,48,12,0.250000
AbkaiFulingga_decentralized-cti-platform,ok,,2,9,0,25452,6,23,21,0.913043,434,18,0.041475,53,16,0.301887
AdamSonja_Victus,ok,,1,3,0,25138,1,1,1,1.000000,15,3,0.200000,15,3,0.200000
adithya-adee_SolidKYC,ok,,1,14,0,25906,1,56,56,1.000000,519,52,0.100193,102,29,0.284314
advaita-saha_zk-Voting,ok,,1,9,0,25420,5,16,15,0.937500,426,12,0.028169,45,10,0.222222
agnij-dutta_sigil,ok,,17,25,0,28027,118,265,133,0.501887,622,364,0.585209,532,282,0.530075
agnxsh_zkExchange,ok,,1,13,0,25465,6,24,22,0.916667,438,21,0.047945,55,17,0.309091
ahippoly_ApexHackathon,ok,,70,146,0,97508,90,455,277,0.608791,24544,2045,0.083320,603,212,0.351575
aichatddz_avote,ok,,5,15,0,780,5,47,47,1.000000,519,47,0.090559,91,23,0.252747
aidenlippert_persona-chain,ok,,17,32,0,28719,110,416,266,0.639423,1230,522,0.424390,675,425,0.629630
AJP-432_zk-patent,ok,,1,15,0,562,16,27,26,0.962963,20210,839,0.041514,44,18,0.409091
akharawita_poc-zkf-dapp,ok,,3,16,0,25909,4,48,46,0.958333,502,35,0.069721,90,17,0.188889
AkshatGada_circom-lib,ok,,4,18,0,25901,9,45,43,0.955556,527,49,0.092979,104,24,0.230769
AkshatGada_jpmc0,ok,,4,9,10,380,6,17,16,0.941176,548,68,0.124088,57,12,0.210526
Akshu1245_WhisperCache,ok,,9,16,0,25689,9,45,45,1.000000,518,24,0.046332,137,22,0.160584
Alby2007_RW-RnD-GovSecure-Enclave-and-Audit-Fabric,ok,,10,18,0,25717,10,58,57,0.982759,490,29,0.059184,109,27,0.247706
Alchemist21_pecunia,ok,,4,20,0,25701,25,35,35,1.000000,20480,839,0.040967,55,18,0.327273
alegrimaldi20_zk-rollup-example,ok,,12,32,0,1500,12,104,88,0.846154,1091,99,0.090742,154,70,0.454545
alex-lindenbaum_battlesnark,ok,,2,4,0,338,6,5,1,0.200000,21,6,0.285714,21,6,0.285714
alexbabits_circom-puzzles,ok,,29,38,0,26255,36,60,37,0.616667,531,51,0.096045,124,33,0.266129
alexbabits_pip,ok,,1,8,0,25384,3,17,16,0.941176,426,12,0.028169,44,10,0.227273
alexroan_zk-playground,ok,,4,4,0,44,4,1,0,0.000000,9,1,0.111111,9,1,0.111111
AliIbrahimMohammed_ZKP_solidity,ok,,1,3,0,25150,3,5,4,0.800000,18,5,0.277778,18,5,0.277778
alinush_circom-stdlib,ok,,33,43,32,268,13,0,0,0.000000,2,0,0.000000,2,0,0.000000
AlleyBo55_ashborn,ok,,3,10,0,25460,6,27,26,0.962963,440,23,0.052273,58,21,0.362069
alxkzmn_zk-wordle,ok,,2,11,0,25522,4,17,16,0.941176,515,26,0.050485,57,16,0.280702
AmadiMichael_Tempest,ok,,5,15,0,25657,10,36,24,0.666667,498,61,0.122490,110,53,0.481818
AmadiMichael_Zyclone,ok,,2,10,0,25419,5,20,17,0.850000,433,17,0.039261,49,13,0.265306
AmbitionCX_circomViz,ok,,7,25,0,972,44,48,42,0.875000,20384,851,0.041748,93,29,0.311828
amirgamil_zkjson,ok,,3,23,4,26910,9,84,80,0.952381,3728,1608,0.431330,174,50,0.287356
amitesh0303_zk-identity,ok,,3,10,0,25388,3,19,19,1.000000,429,12,0.027972,48,10,0.208333
andreiparjolfac_dynamic-hash-tree,ok,,2,12,0,25350,10,12,11,0.916667,57,14,0.245614,43,13,0.302326
andrejrakic_circom-bootcamp-monorepo,ok,,37,48,1,1283,42,89,51,0.573034,1082,78,0.072089,148,47,0.317568
AndrewCLu_zk-waitlist,ok,,2,4,0,25171,2,5,4,0.800000,16,2,0.125000,16,2,0.125000
andreysobol_zkSafe,ok,,1,14,0,1163,3,72,71,0.986111,4623,2358,0.510058,116,37,0.318966
angianguyen_An,ok,,1,7,0,308,2,17,16,0.941176,420,13,0.030952,39,11,0.282051
angianguyen_FESE,ok,,1,7,0,308,2,17,16,0.941176,420,13,0.030952,39,11,0.282051
angianguyen_fese12,ok,,1,7,0,308,2,17,16,0.941176,420,13,0.030952,39,11,0.282051
AntoineCyr_proof_of_solvency,ok,,7,31,0,26792,20,68,53,0.779412,22096,1216,0.055033,189,75,0.396825
ardahash_harpocrates_landing_new,ok,,1,8,0,25410,1,29,29,1.000000,432,9,0.020833,51,7,0.137255
Argudo_RDCore,ok,,10,21,0,26098,28,77,68,0.883117,553,67,0.121157,149,51,0.342282
Arianee_arianee-sdk,ok,,3,19,0,26288,8,57,56,0.982456,530,51,0.096226,119,33,0.277311
Arnold-Robert_CeloGames,ok,,3,8,0,544,3,12,12,1.000000,578,5,0.008651,25,3,0.120000
Arnold-Robert_zkArcade,ok,,3,8,0,544,3,12,12,1.000000,578,5,0.008651,25,3,0.120000
Arnold-Robert_zkArcade2_Archive,ok,,3,8,0,544,3,12,12,1.000000,578,5,0.008651,25,3,0.120000
arvid220u_zkmao,ok,,17,17,0,1202,17,218,132,0.605505,90,38,0.422222,86,34,0.395349
ashleshsortee_zeto-backend,ok,,21,49,0,26988,21,125,64,0.512000,721,195,0.270458,282,160,0.567376
AsiniV_privachain-decentral,ok,,4,12,0,25447,4,28,24,0.857143,440,23,0.052273,56,20,0.357143
AWI-20_VeriMint,ok,,5,17,6,983,6,60,56,0.933333,1060,570,0.537736,108,31,0.287037
Axiom-pay_axiompay-interface,ok,,3,3,3,384,17,53,20,0.377358,93,59,0.634409,75,49,0.653333
Ayalyt_blockchain-Verification-Integration,ok,,272,405,2,61918,270,812,636,0.783251,65715,4641,0.070623,1515,528,0.348515
badblood8_blockchain_ZKPs,ok,,6,6,0,402,19,9,5,0.555556,109,23,0.211009,109,23,0.211009
bahmez_heistDuel,ok,,1,8,0,25487,4,27,26,0.962963,818,57,0.069682,68,26,0.382353
bauti-defi_Zk-MerkleTree,ok,,2,2,2,6,0,0,0,0.000000,0,0,0.000000,0,0,0.000000
baviet0501-cyber_zk-snark-homestay,ok,,4,4,0,55,7,6,1,0.166667,13,3,0.230769,13,3,0.230769
beto-rocha-blockchain_EnerTradeZK,ok,,3,8,0,248,5,18,13,0.722222,408,7,0.017157,27,5,0.185185
BigWhaleLabs_farcantasy-arena-contract,ok,,2,10,0,25422,2,17,16,0.941176,434,19,0.043779,36,8,0.222222
BigWhaleLabs_seal-hub-verifier-template,ok,,2,26,0,26339,5,48,46,0.958333,20400,867,0.042500,106,42,0.396226
bitcoinbrisbane_Book,ok,,2,10,0,25566,6,22,20,0.909091,449,20,0.044543,67,18,0.268657
Blankeeir_Blockchain-Analyst-2024.7,failed,no_main_entry,0,0,0,0,0,0,0,0.000000,0,0,0.000000,0,0,0.000000
BlocSoc-iitr_Deimos,ok,,102,164,5,30864,99,455,404,0.887912,25181,1809,0.071840,548,170,0.310219
briwylde08_dead-mans-draw,ok,,1,10,0,25549,5,40,36,0.900000,511,90,0.176125,58,16,0.275862
brweisz_verify-trimmed-image,ok,,2,18,0,25714,2,28,28,1.000000,20482,1100,0.053706,62,24,0.387097
btogzhan2000_Correlated-Equilibrium-Sampling-on-Smart-Contracts,ok,,73,153,0,97964,99,475,291,0.612632,24607,2079,0.084488,654,240,0.366972
bunsenstraat_remix-desktop,ok,,7,9,11,216,14,12,6,0.500000,52,23,0.442308,51,23,0.450980
burcu-yildiz_benchmarking-poseidon-and-hydra,ok,,2,3,0,23748,20,9,3,0.333333,117,44,0.376068,48,18,0.375000
busyapedao_zksafebox-contract,ok,,5,21,2,25708,26,36,36,1.000000,20480,840,0.041016,57,19,0.333333
c6ai_v241031e,ok,,3,25,2,27118,17,117,100,0.854701,3571,698,0.195463,180,66,0.366667
cadalt0_NULLID-ZKVERIFY,ok,,1,1,2,126,6,5,2,0.400000,29,23,0.793103,14,8,0.571429
calnix_circom-notes,ok,,10,15,0,354,11,27,14,0.518519,438,10,0.022831,42,8,0.190476
CaptainLEVI-XXX_zk2FA,ok,,2,5,0,25194,3,6,5,0.833333,27,10,0.370370,26,9,0.346154
carlos-israelj_VeilPay,ok,,1,8,0,25380,3,16,15,0.937500,425,14,0.032941,43,12,0.279070
catoenm_postera,ok,,51,102,0,28547,26,245,239,0.975510,22373,1792,0.080097,372,147,0.395161
cefika_ZeroKnowledgeProofs,ok,,2,2,3,58,2,6,6,1.000000,20,8,0.400000,20,8,0.400000
CGuthmann_Infrachain_ZeroKnowledge,ok,,5,18,1,26075,7,81,75,0.925926,552,74,0.134058,133,49,0.368421
chainwayxyz_proof-of-innocence,ok,,1,12,0,1114,6,52,50,0.961538,1019,557,0.546614,102,33,0.323529
chancehudson_circom-stark,ok,,1,1,0,10,1,0,0,0.000000,2,0,0.000000,2,0,0.000000
chentihe_zk-rollup-lite,ok,,5,33,0,26765,3,91,88,0.967033,1184,152,0.128378,241,120,0.497925
ChihChengLiang_poseidon-tornado,ok,,1,9,0,25388,3,17,16,0.941176,425,12,0.028235,43,10,0.232558
Chronos-Vault_chronos-vault-platform-,ok,,2,8,0,380,2,16,16,1.000000,418,10,0.023923,37,8,0.216216
cipherzeroprotocol_Cipher-Zero-Backend,ok,,2,10,0,25431,2,19,19,1.000000,488,18,0.036885,49,12,0.244898
CleanPegasus_Decentralized-Identity,ok,,2,10,0,25430,2,18,18,1.000000,431,11,0.025522,50,9,0.180000
CleanPegasus_EthMail,ok,,2,4,0,25142,2,4,4,1.000000,14,1,0.071429,14,1,0.071429
CleanPegasus_zero-knowledge-puzzles,ok,,35,41,0,734,39,71,44,0.619718,475,34,0.071579,76,17,0.223684
ClearflySystems_encodeclub,ok,,3,3,0,30,3,1,1,1.000000,6,0,0.000000,6,0,0.000000
consentsam_plonk-circom-assignment,ok,,1,1,0,9,1,0,0,0.000000,1,0,0.000000,1,0,0.000000
costa-group_circom_tests,ok,,243,299,0,34122,490,500,278,0.556000,23328,1912,0.081962,698,190,0.272206
craft-ec_cloakcraft,ok,,16,23,0,27733,98,270,162,0.600000,1889,1211,0.641080,636,337,0.529874
Cryamor_Circom-AST-Extractor,ok,,37,37,0,9793,1114,57,24,0.421053,2359,1149,0.487071,2359,1149,0.487071
Crypto-Huskies_ZK-Wallet,ok,,2,9,0,25363,2,18,18,1.000000,419,6,0.014320,38,4,0.105263
CryptoKass_circom-rsa-verify,ok,,71,147,0,97511,90,456,277,0.607456,24544,2045,0.083320,603,212,0.351575
csl-blockchain_goatzkcp,ok,,12,45,11,27629,73,71,44,0.619718,21218,1634,0.077010,196,92,0.469388
curryrasul_pom-template,ok,,2,11,0,25381,2,17,17,1.000000,421,12,0.028504,40,10,0.250000
curryrasul_voan,ok,,1,9,0,542,2,16,16,1.000000,423,14,0.033097,42,12,0.285714
CXYALEX_auction_house,failed,no_main_entry,0,0,0,0,0,0,0,0.000000,0,0,0.000000,0,0,0.000000
dacarva_proof-of-fun,ok,,2,3,5,335,3,3,0,0.000000,121,83,0.685950,34,21,0.617647
dacarva_zk-email-tutorial,ok,,3,5,7,721,5,6,0,0.000000,189,119,0.629630,48,26,0.541667
dacebt_zkSnark-demo-react,ok,,2,17,2,67563,41,99,34,0.343434,859,158,0.183935,191,83,0.434555
daffafaizan_goatzkcp,ok,,12,45,11,27629,73,71,44,0.619718,21218,1634,0.077010,196,92,0.469388
Daniel-Szego_fabriczkdemo,ok,,1,1,0,11,1,0,0,0.000000,3,0,0.000000,3,0,0.000000
Daniel-Szego_Zeroknowledgeworkshop,ok,,3,20,0,1171,8,74,66,0.891892,1065,77,0.072300,132,51,0.386364
danielfsha_Card-RPG,ok,,21,28,0,26380,21,144,136,0.944444,824,146,0.177184,224,91,0.406250
DanTehrani_storyform,ok,,3,31,0,93945,68,217,43,0.198157,264353,131376,0.496972,265,105,0.396226
dApY3112_zk-xids-toniot,ok,,3,8,0,568,5,24,24,1.000000,464,8,0.017241,63,5,0.079365
darklakefi_darklake-monorepo,ok,,14,25,0,1325,14,107,92,0.859813,696,102,0.146552,291,85,0.292096
daveroga_nightfall-circom,ok,,3,16,0,26544,18,56,42,0.750000,1466,896,0.611187,224,113,0.504464
dcommey_pufzin,ok,,1,8,0,25342,1,17,17,1.000000,414,6,0.014493,33,4,0.121212
DebRC_Vortex,ok,,3,5,0,25164,3,4,1,0.250000,23,4,0.173913,23,4,0.173913
deevashwer_zebra,ok,,6,41,0,27055,1,135,134,0.992593,22083,1703,0.077118,217,92,0.423963
DelphinusLab_delphinus-zkp,ok,,2,48,1,28939,54,356,149,0.418539,21189,1002,0.047289,345,153,0.443478
demonsh_circuits,ok,,1,22,0,26169,1,69,69,1.000000,577,88,0.152513,159,65,0.408805
developeruche_cryptography-n-zk-research,ok,,51,104,0,28589,28,247,240,0.971660,23221,2596,0.111795,379,148,0.390501
developeruche_light-tornodo-cash,ok,,50,103,0,28581,27,246,240,0.975610,23219,2595,0.111762,377,147,0.389920
dezhic_PrivacyPreservingKYC,ok,,1,25,0,26929,21,86,79,0.918605,7655,4557,0.595297,169,57,0.337278
dfdao_arena,ok,,5,6,0,469,5,27,22,0.814815,59,33,0.559322,59,33,0.559322
dhananjaypai08_Zk-OS,ok,,1,8,0,25330,1,14,13,0.928571,411,7,0.017032,30,5,0.166667
DhruvPareek_proof_of_twitter_rebuild,ok,,1,2,4,173,2,2,0,0.000000,52,40,0.769231,18,9,0.500000
dilawar_playground,ok,,8,15,0,25419,8,24,20,0.833333,431,15,0.034803,50,13,0.260000
distributed-lab_private-multisig,ok,,2,9,7,707,21,55,50,0.909091,157,56,0.356688,102,30,0.294118
dmpierre_eth-private-market,ok,,9,35,5,26821,24,99,89,0.898990,1183,135,0.114117,180,64,0.355556
dmpierre_nova-browser-ecdsa,ok,,1,3,8,57,2,1,0,0.000000,20,6,0.300000,8,6,0.750000
DND-Dynamite_L-ZKP,ok,,51,107,0,28711,26,257,249,0.968872,22768,1794,0.078795,386,147,0.380829
docknetwork_crypto,ok,,34,50,0,27213,59,56,34,0.607143,150,40,0.266667,150,40,0.266667
docknetwork_crypto-wasm-ts,ok,,7,13,0,853,16,16,13,0.812500,39,9,0.230769,39,9,0.230769
Dohkku_hashdrop,ok,,2,9,0,25353,2,17,16,0.941176,417,6,0.014388,36,4,0.111111
DoraFactory_Vota-Circuits,ok,,54,102,52,28160,44,190,157,0.826316,21458,1040,0.048467,342,179,0.523392
dorahacksglobal_qf-maci,ok,,2,50,0,27774,44,188,155,0.824468,21451,1037,0.048343,335,176,0.525373
doubleblind-xyz_double-blind,ok,,2,16,0,26564,31,57,34,0.596491,544,82,0.150735,162,80,0.493827
doutv_zk-sudoku,ok,,3,8,0,544,3,12,12,1.000000,578,5,0.008651,25,3,0.120000
dylanpersonguy_sol-gateway-dcc-zk-proof,ok,,2,4,0,498,12,19,13,0.684211,13186,2158,0.163658,56,19,0.339286
Edward-959_zero-knowledge-puzzles-answer,ok,,25,33,0,25961,30,49,28,0.571429,490,44,0.089796,90,26,0.288889
eh7_crypto-wallet-platform,ok,,7,44,0,27010,9,114,109,0.956140,20863,990,0.047452,276,144,0.521739
EkuboProtocol_privacy-pools,ok,,2,12,0,25473,30,21,18,0.857143,450,30,0.066667,68,28,0.411765
Electron-Labs_rainbow-bridge-verifier-circom,ok,,1,6,1,249,1,15,14,0.933333,39953,39553,0.989988,26,7,0.269231
Elefria-Labs_zk-block,ok,,2,11,0,25440,6,22,19,0.863636,436,17,0.038991,54,14,0.259259
elohcrypto_Vanguard,ok,,6,16,0,25802,7,95,88,0.926316,512,50,0.097656,99,46,0.464646
elohcrypto_zk-hybrid-rollup,ok,,3,13,0,526,10,26,18,0.692308,454,34,0.074890,73,32,0.438356
Elytro-eth_email-approver,ok,,1,11,7,25498,6,18,14,0.777778,618,15,0.024272,67,13,0.194030
emmaguo13_zk-blind,ok,,1,11,6,746,7,28,22,0.785714,449,11,0.024499,46,9,0.195652
enricobottazzi_designated-verifier-proof,ok,,1,2,2,35,1,4,2,0.500000,7,2,0.285714,6,2,0.333333
enricobottazzi_Zero-Knowledge-Proof-MerkleTree,ok,,96,200,2,82062,50,481,469,0.975052,44718,3571,0.079856,716,281,0.392458
enricobottazzi_ZK-SBT,ok,,57,121,2,29538,62,348,271,0.778736,22759,2083,0.091524,629,340,0.540541
Entropy1110_blub_circuit,ok,,1,8,0,25347,1,17,17,1.000000,417,7,0.016787,36,5,0.138889
ernnies_Word-Like-ZK,ok,,2,11,0,25522,4,17,16,0.941176,515,26,0.050485,57,16,0.280702
eryxcoop_cardano-zk-aiken,ok,,4,6,2,126,5,8,3,0.375000,15,2,0.133333,15,3,0.200000
ethanWalker89_Zyclone,ok,,2,10,0,25419,5,20,17,0.850000,433,17,0.039261,49,13,0.265306
factorgroup_nightmarket,ok,,4,17,0,1461,29,57,36,0.631579,622,65,0.104502,158,43,0.272152
fairblocklabs_cards-mle,ok,,2,18,0,997,10,57,53,0.929825,565,79,0.139823,128,49,0.382812
family36_sindri-test,ok,,49,100,0,28474,24,243,237,0.975309,22355,1785,0.079848,354,140,0.395480
fatcat22_circuits-research,ok,,2,12,0,25585,9,30,22,0.733333,462,46,0.099567,78,41,0.525641
filip-stevanovic7_TornadoCash_SAP_mix,ok,,1,15,0,1089,5,46,45,0.978261,508,46,0.090551,97,28,0.288660
finitology_hardhat-circom-starter,ok,,4,18,0,25901,9,45,43,0.955556,527,49,0.092979,104,24,0.230769
FlemingJohn_SilentVoice,ok,,1,3,0,25126,1,3,2,0.666667,11,1,0.090909,11,1,0.090909
flyinglimao_zkenc,ok,,2,15,0,25992,3,61,59,0.967213,694,57,0.082133,107,29,0.271028
flyingnobita_nft-zk,ok,,1,3,0,25138,1,2,2,1.000000,18,1,0.055556,18,1,0.055556
frankjjj1642_sf,ok,,1,2,0,142,3,1,1,1.000000,11,2,0.181818,11,2,0.181818
frederickemerson_Lumina,ok,,3,21,0,789,6,44,41,0.931818,20880,1104,0.052874,78,25,0.320513
GaetanoMondelli_ETH-GLOBAL-LONDON,failed,no_main_entry,0,0,0,0,0,0,0,0.000000,0,0,0.000000,0,0,0.000000
Galactica-corp_galactica-monorepo,ok,,25,62,0,27577,28,123,83,0.674797,894,291,0.325503,461,266,0.577007
gebetasuq_adam-protocol,ok,,2,7,0,248,4,16,12,0.750000,412,9,0.021845,31,7,0.225806
geometryxyz_zkhack-groth-puzzle,ok,,1,3,0,25128,1,2,2,1.000000,12,2,0.166667,12,2,0.166667
Ghostkey316_ghostkey-316-vaultfire-init,ok,,3,5,1,25155,3,5,2,0.400000,24,9,0.375000,22,7,0.318182
GigameshGarages_ReefNet,ok,,2,2,0,21,2,2,2,1.000000,7,2,0.285714,7,2,0.285714
glottologist_rare-skills-circom-bootcamp,ok,,21,23,0,25369,21,15,1,0.066667,62,15,0.241935,62,15,0.241935
gnew1_GNEW3,ok,,2,2,7,53,2,8,5,0.625000,9,9,1.000000,9,9,1.000000
guglxni_fedzk,ok,,8,11,0,616,27,12,12,1.000000,178,22,0.123596,166,17,0.102410
hanbu97_zkgear,ok,,49,110,0,53969,25,260,253,0.973077,22780,1797,0.078885,398,150,0.376884
harkal_severance,ok,,2,13,0,1075,4,46,46,1.000000,506,43,0.084980,95,25,0.263158
HaroldGin931_GCCMiniZK,ok,,2,4,0,25155,2,3,3,1.000000,22,3,0.136364,22,3,0.136364
harshit6239_ZK-Crowdfunding-Audit,ok,,1,3,0,25141,1,2,2,1.000000,16,4,0.250000,16,4,0.250000
hashprotocol_eth-lightclient,ok,,15,55,3,27099,35,95,83,0.873684,41450,1969,0.047503,160,50,0.312500
hlibbc_solidity-practice,ok,,7,9,2,25214,7,9,4,0.444444,36,11,0.305556,36,11,0.305556
Holedozer1229_SkyNet,ok,,3,3,0,63,4,0,0,0.000000,17,0,0.000000,17,0,0.000000
holonym-foundation_id-hub-contracts,ok,,8,34,2,26655,23,126,115,0.912698,1186,142,0.119730,225,106,0.471111
holyaustin_ZeroSecret,ok,,10,54,0,70760,99,385,99,0.257143,28113,1304,0.046384,371,143,0.385445
HoYongJin_zk-vote,ok,,4,6,0,25476,12,21,13,0.619048,110,53,0.481818,110,53,0.481818
HSG88_VIN-Pass,ok,,1,22,0,25876,2,44,42,0.954545,20623,850,0.041216,76,26,0.342105
hshadab_agentkit,ok,,21,29,0,26238,33,117,106,0.905983,1151,589,0.511729,241,68,0.282158
huyminh1115_eip7945-implementation,ok,,3,15,0,26073,3,99,99,1.000000,555,47,0.084685,122,27,0.221311
huyphamcs_oyrade-contract-privacy,ok,,4,8,0,25346,7,21,12,0.571429,77,40,0.519481,77,40,0.519481
hzhdl_conflow,ok,,54,106,0,28605,31,243,237,0.975309,22382,1791,0.080020,367,146,0.397820
IAmSoThirsty_Digital-Identity-Capability-Proof-Service,ok,,4,11,0,25402,4,22,22,1.000000,428,11,0.025701,47,9,0.191489
iden3_circuits,ok,,48,96,0,28655,80,182,135,0.741758,1367,662,0.484272,702,438,0.623932
Immortal-ibr_Verifiable-Training-with-Zero-Knowledge-Proofs,ok,,9,20,0,26464,46,72,49,0.680556,664,120,0.180723,262,104,0.396947
incendia-tech_ETHGlobal-Buenos-Aires-Incendia,ok,,1,15,6,25927,14,64,45,0.703125,3584,2764,0.771205,121,58,0.479339
inference-labs-inc_subnet-2-circom,ok,,1,12,0,488,18,2,1,0.500000,127,30,0.236220,113,28,0.247788
ingonyama-zk_icicle-snark,ok,,9,46,0,28667,78,160,101,0.631250,21715,1031,0.047479,353,157,0.444759
ioedeveloper_zk-project,ok,,11,27,0,25858,15,33,29,0.878788,40521,833,0.020557,103,20,0.194175
Ionut2888_ZeroGate,ok,,52,105,0,53625,27,245,238,0.971429,22375,1788,0.079911,374,143,0.382353
iri031_rareskills-zk-puzzles,ok,,12,20,0,25827,12,26,17,0.653846,479,36,0.075157,74,19,0.256757
iri031_zkp-mooc-lab,ok,,8,9,0,375,21,38,18,0.473684,52,21,0.403846,50,19,0.380000
Ishitalisa_zk-digilocker,ok,,1,1,0,25,2,1,0,0.000000,9,2,0.222222,9,2,0.222222
jackryanservia_mastermind-old,ok,,1,1,0,58,3,1,0,0.000000,5,0,0.000000,5,0,0.000000
jbrit_sanicert,ok,,3,16,0,25969,3,61,61,1.000000,530,69,0.130189,113,46,0.407080
jchauhn_mixer,ok,,1,6,0,25600,4,5,4,0.800000,46,14,0.304348,45,14,0.311111
jeffprestes_cursodezkp,ok,,2,2,0,19,2,0,0,0.000000,5,3,0.600000,5,3,0.600000
jeong0982_gkr,ok,,1,2,0,142,1,1,1,1.000000,11,2,0.181818,11,2,0.181818
jeswr_circomkit-sparql,ok,,1,2,0,15,1,1,0,0.000000,128,0,0.000000,1,0,0.000000
jimmychung28_On-Chain-Credit-Score-And-Lending,ok,,3,12,0,25874,11,65,49,0.753846,509,60,0.117878,127,57,0.448819
Jistriane_ZKID,ok,,3,8,0,246,3,15,15,1.000000,411,5,0.012165,30,3,0.100000
JofArnold_zkp-learning-in-public,ok,,18,27,0,475,18,20,14,0.700000,447,0,0.000000,66,0,0.000000
johnson86tw_circom-playground,ok,,22,42,0,27120,42,123,98,0.796748,1193,113,0.094719,218,81,0.371560
jose-blockchain_human-verifier,ok,,1,8,0,25373,2,20,20,1.000000,419,10,0.023866,38,8,0.210526
jose-blockchain_opencircom,ok,,43,73,0,27429,127,201,98,0.487562,21096,1035,0.049061,353,169,0.478754
jose-blockchain_opencircom-hardhat-boilerplate,ok,,1,1,1,12,1,1,1,1.000000,2,1,0.500000,2,1,0.500000
joshpwrk_DAOism,ok,,6,25,2,1036,46,55,53,0.963636,20474,913,0.044593,144,62,0.430556
JSeam2_PPSwap-Contracts,ok,,2,13,0,25502,4,16,16,1.000000,438,22,0.050228,57,20,0.350877
jstinhw_typhoon,ok,,2,35,0,69546,69,244,63,0.258197,2340,361,0.154274,332,121,0.364458
Jubzinas_Ouragan,ok,,3,16,0,1050,15,25,21,0.840000,507,80,0.157791,74,30,0.405405
june-in-exile_zkWill,ok,,3,36,0,69263,102,103,37,0.359223,20314,143,0.007039,230,85,0.369565
justAbhinav_Airavat,ok,,3,11,0,25569,11,29,24,0.827586,461,33,0.071584,79,30,0.379747
kaankacar_zkgaming,ok,,8,19,2,26230,26,96,84,0.875000,692,210,0.303468,167,64,0.383234
kamalbuilds_shadowlend,ok,,3,12,0,25720,13,55,49,0.890909,502,52,0.103586,121,50,0.413223
kamiyo-ai_kamiyo-hive,ok,,6,14,0,25638,6,40,40,1.000000,475,42,0.088421,93,39,0.419355
Kartikvyas1604_SafeMask,ok,,7,23,0,26295,7,80,78,0.975000,1083,68,0.062789,153,44,0.287582
Kartikvyas1604_TrustNet,ok,,2,2,0,28,2,2,1,0.500000,67,42,0.626866,9,4,0.444444
kekonen_marriaged,ok,,3,10,2,25484,6,32,28,0.875000,453,32,0.070640,72,30,0.416667
kendricktan_simple-zk-rollups,ok,,12,32,0,1500,12,104,88,0.846154,1091,99,0.090742,154,70,0.454545
kenhm25_PSE_Group2_Project,failed,no_main_entry,0,0,0,0,0,0,0,0.000000,0,0,0.000000,0,0,0.000000
KhannGia_FESE-1,ok,,1,7,0,308,2,17,16,0.941176,420,13,0.030952,39,11,0.282051
KhannGia_fesee,ok,,1,7,0,308,2,17,16,0.941176,420,13,0.030952,39,11,0.282051
khemiriwalid_simple_zk_airdrop,ok,,1,5,0,25180,2,3,2,0.666667,23,8,0.347826,22,7,0.318182
kientt265_-web3-zk-interchain,ok,,3,51,6,34546,142,343,99,0.288630,23016,1361,0.059133,473,202,0.427061
kilyig_ZheroTag,ok,,4,15,0,25605,8,31,27,0.870968,506,21,0.041502,82,26,0.317073
KimiWu123_Samples,ok,,10,27,0,2118,17,123,110,0.894309,1883,860,0.456718,173,62,0.358382
Kinaqu_zk-market-resolution,ok,,1,8,0,25347,1,17,17,1.000000,416,7,0.016827,35,5,0.142857
kinrokinro_juicer,ok,,1,9,0,25390,3,17,16,0.941176,425,12,0.028235,43,10,0.232558
kitai-hazure_scaling-eth-24,ok,,1,6,0,217,1,13,12,0.923077,401,5,0.012469,20,3,0.150000
knot-inc_noxx-contract,ok,,1,10,0,25401,2,16,15,0.937500,427,17,0.039813,45,14,0.311111
koalateectrl_zk-example,ok,,1,2,0,289,1,2,2,1.000000,11,4,0.363636,11,4,0.363636
koe7_noxfi-core-ethparis,ok,,5,7,0,25222,5,13,11,0.846154,36,12,0.333333,31,12,0.387097
krsultov_identiPay,ok,,3,10,0,25504,4,33,31,0.939394,457,19,0.041575,76,17,0.223684
kunalmodi_battlesnark,ok,,2,5,0,25220,2,4,3,0.750000,45,31,0.688889,16,3,0.187500
kynesyslabs_node,ok,,4,12,3,25526,7,24,23,0.958333,462,35,0.075758,80,32,0.400000
KyrylR_anonymous-transfer,ok,,1,4,1,25183,2,7,6,0.857143,28,13,0.464286,27,12,0.444444
KyrylR_iden3-voting,ok,,1,2,1,72,2,6,5,0.833333,20,12,0.600000,19,11,0.578947
kyzooghost_zk-circuit-tutorial,ok,,8,15,0,25478,10,32,28,0.875000,440,19,0.043182,59,17,0.288136
lakhwani_cscd71,ok,,35,79,2,2592,20,208,195,0.937500,21477,1272,0.059226,313,143,0.456869
lakshyarawat29_Airavat,ok,,3,11,0,25569,11,29,24,0.827586,461,33,0.071584,79,30,0.379747
lamtrinh259_ETH_Tokyo_2024,ok,,21,49,0,26988,21,125,64,0.512000,721,195,0.270458,282,160,0.567376
laudiacay_p1nch,ok,,9,9,9,83,0,0,0,0.000000,0,0,0.000000,0,0,0.000000
lchtangen_neon-ai-studio-website,ok,,5,20,1,26325,5,95,89,0.936842,1849,856,0.462953,146,63,0.431507
LeastAuthority_TaceoLabs-nullifier-oprf-service,ok,,39,39,39,224,11,33,9,0.272727,23,6,0.260870,14,5,0.357143
legitmaxwu_whirlwind,ok,,3,12,0,25492,5,22,21,0.954545,442,19,0.042986,60,17,0.283333
leinss_zero_knowledge_zk,ok,,9,16,0,25438,9,28,23,0.821429,433,16,0.036952,52,14,0.269231
leon0x01_zk_puzzle_solve,ok,,13,21,0,25855,14,29,19,0.655172,483,36,0.074534,78,19,0.243590
leonardovona_beacon-relay,ok,,3,45,1,34367,156,328,97,0.295732,22218,1380,0.062112,420,177,0.421429
LesterEvSe_Cryptography-Signature-algorithms,ok,,3,38,0,206666,82,167,68,0.407186,23172,987,0.042595,297,114,0.383838
levihackerman-102_zkp-berkeley-lab,ok,,8,9,0,370,21,35,16,0.457143,49,21,0.428571,47,19,0.404255
levoel_crypto-fundamentals-course,ok,,4,11,0,25367,4,18,17,0.944444,417,7,0.016787,36,5,0.138889
LexiccLabs_zk-rollups,ok,,12,32,0,1500,12,104,88,0.846154,1091,99,0.090742,154,70,0.454545
Lexterl33t_SolidityZKP-Test,ok,,1,15,0,555,1,26,26,1.000000,20464,839,0.040999,44,18,0.409091
LF-Decentralized-Trust-labs_zk-learning-group,ok,,8,25,0,25988,18,36,32,0.888889,543,50,0.092081,148,46,0.310811
LFDT-Paladin_zeto,ok,,55,129,0,28952,115,134,76,0.567164,12298,1303,0.105952,618,299,0.483819
Lightency-io_GreenTrust,ok,,1,6,0,218,1,14,13,0.928571,403,6,0.014888,22,4,0.181818
lincot_mootvote,ok,,3,9,27,434,8,5,5,1.000000,102,68,0.666667,97,64,0.659794
linus-tang_double-blind-signature,ok,,4,6,4,25427,16,10,4,0.400000,284,22,0.077465,69,22,0.318841
LJonn_zkOrbs,ok,,4,11,0,25392,4,22,21,0.954545,424,8,0.018868,43,6,0.139535
logos-blockchain_logos-blockchain-pocs,ok,,4,17,0,864,32,63,35,0.555556,1016,359,0.353346,119,46,0.386555
logos-storage_circom-goldilocks,ok,,1,10,0,626,50,3,1,0.333333,36,0,0.000000,29,0,0.000000
logos-storage_logos-storage-contracts-eth,ok,,4,4,4,12,0,0,0,0.000000,0,0,0.000000,0,0,0.000000
logos-storage_rln-fast,ok,,1,6,0,257,13,4,1,0.250000,234,11,0.047009,32,11,0.343750
louisstein94_zkrune,ok,,13,26,0,26267,13,104,104,1.000000,598,64,0.107023,181,41,0.226519
lovelaced_nightmarket,ok,,4,11,0,25437,5,31,30,0.967742,440,25,0.056818,52,16,0.307692
Lukman-01_RareSkills-Puzzles,ok,,24,32,0,25865,24,40,21,0.525000,474,41,0.086498,75,24,0.320000
lumi-shadow_Luminosity,ok,,5,10,5,906,32,61,56,0.918033,4028,1188,0.294935,125,49,0.392000
lyronctk_treasure-house,ok,,1,11,2,726,1,38,38,1.000000,502,48,0.095618,83,23,0.277108
lyronctk_zator,ok,,6,10,11,571,12,28,13,0.464286,61,22,0.360656,55,22,0.400000
lyronctk_zijkstra,ok,,1,10,0,25477,7,14,13,0.928571,454,23,0.050661,65,19,0.292308
m-pandey5_ZkDapp,ok,,4,8,0,25217,5,6,4,0.666667,34,12,0.352941,33,11,0.333333
madhavlata_API-Security,ok,,1,6,0,217,1,13,13,1.000000,402,5,0.012438,21,3,0.142857
makeAcronym_rollup,ok,,2,24,0,1482,13,77,70,0.909091,1119,122,0.109026,190,99,0.521053
makluganteng_Circom-Workshop,ok,,2,7,0,234,2,14,14,1.000000,406,6,0.014778,25,4,0.160000
MAKMED1337_ZKP-circom,ok,,10,44,0,95199,130,258,80,0.310078,2540,424,0.166929,493,180,0.365112
Manta-Network_zkShuffle,ok,,6,22,0,1065,12,59,53,0.898305,579,75,0.129534,137,47,0.343066
marcozecchini_blindRSANotary,ok,,5,39,0,2964,77,121,84,0.694215,21348,1078,0.050497,266,112,0.421053
martatomchuck_zkSNARK,ok,,1,6,0,216,1,13,13,1.000000,402,5,0.012438,21,3,0.142857
masa-finance_masa-zkSBT,ok,,1,11,0,25434,2,24,23,0.958333,445,23,0.051685,53,10,0.188679
mashharuki_ZKRepo,ok,,67,150,18,32532,70,364,312,0.857143,22973,1448,0.063031,655,291,0.444275
mathcrypto_zkFuzzer,ok,,1,9,0,25399,4,18,17,0.944444,425,13,0.030588,44,11,0.250000
matsidor1975_ceremony,ok,,1,9,0,25390,3,17,16,0.941176,425,12,0.028235,43,10,0.232558
MatteoMer_zk-battleships,ok,,49,101,0,28528,26,245,237,0.967347,23215,2115,0.091105,358,143,0.399441
mdvillagra_blockchain-2025,ok,,24,30,0,873,44,63,31,0.492063,558,41,0.073477,177,39,0.220339
Meru-dog_LexFlow-Protocol,ok,,6,13,0,25564,6,45,45,1.000000,478,38,0.079498,97,36,0.371134
mesayanroy_safesol,ok,,3,10,0,25375,4,17,15,0.882353,423,12,0.028369,42,10,0.238095
meta-introspector_shards,ok,,74,80,0,1557,78,21,18,0.857143,737,153,0.207598,356,151,0.424157
mfactory-lab_albus,ok,,6,42,1,26848,25,103,85,0.825243,730,119,0.163014,271,91,0.335793
mhgharieb_zk-Evote-HTLP,ok,,9,115,0,33370,204,349,215,0.616046,21427,1331,0.062118,881,508,0.576617
michaelliao_red-packet-contract,ok,,1,2,0,142,3,1,1,1.000000,11,2,0.181818,11,2,0.181818
MicrochainLabs_limited-scope-account-circuits,failed,no_main_entry,0,0,0,0,0,0,0,0.000000,0,0,0.000000,0,0,0.000000
mihirsinghal_double-blind-something,ok,,3,14,0,26234,23,42,34,0.809524,512,50,0.097656,131,48,0.366412
mittal-parth_zku-bg,ok,,1,1,0,9,1,0,0,0.000000,2,0,0.000000,2,0,0.000000
mk1018_rollup,ok,,47,93,1,2774,34,227,204,0.898678,21518,1305,0.060647,351,173,0.492877
morkeltry_ruggya,ok,,3,3,3,133,2,1,0,0.000000,169,131,0.775148,15,5,0.333333
motemotech_nico_mopro,ok,,3,19,0,2286,49,160,39,0.243750,795,196,0.246541,162,68,0.419753
mottla_Blind-Schnorr-Signatures,ok,,7,45,0,95750,105,335,204,0.608955,21458,1204,0.056110,549,260,0.473588
moven0831_zkID-mobile-wallet-poc,ok,,3,31,14,27017,62,103,73,0.708738,965,130,0.134715,279,127,0.455197
MuffinsThaCat_zk-kyc,ok,,53,104,0,28592,29,251,242,0.964143,22396,1804,0.080550,393,157,0.399491
MuhammadBinSaif_BC-and-ZKP-Certificate-Validation-and-Verification,ok,,49,100,0,28577,24,252,246,0.976190,22472,1785,0.079432,372,140,0.376344
MultiplicityFoundation_Lambda-Proof,ok,,13,23,1,25943,35,100,70,0.700000,566,58,0.102473,185,56,0.302703
mxber2022_ETHWarsaw,ok,,11,20,0,25661,41,36,25,0.694444,544,95,0.174632,59,13,0.220339
mycenaean-n_zkomposer,ok,,8,27,0,1420,46,52,13,0.250000,552,2,0.003623,162,0,0.000000
MynaWallet_monorepo,ok,,4,30,1,27096,34,89,66,0.741573,22606,2520,0.111475,186,82,0.440860
N1nEmAn_cybersec_project_homework,ok,,1,5,0,362,25,18,9,0.500000,370,4,0.010811,35,3,0.085714
nabladelta_rln,ok,,7,17,0,25622,14,14,14,1.000000,509,51,0.100196,125,48,0.384000
nachiappan1312_blockchain-privacy-ai,ok,,1,1,0,63,6,6,6,1.000000,12,2,0.166667,11,1,0.090909
naizo01_TrustlessInheritance,ok,,5,14,0,25563,9,23,21,0.913043,508,19,0.037402,69,16,0.231884
nalinbhardwaj_Nova-Scotia,ok,,3,24,0,26212,11,60,48,0.800000,22003,1176,0.053447,112,35,0.312500
NameIsGabe_Alexa-s-Sudoku,ok,,2,2,0,83,4,4,0,0.000000,637,388,0.609105,14,5,0.357143
namnc_circom-2-arithc,ok,,17,27,0,707,49,38,15,0.394737,610,129,0.211475,129,31,0.240310
nerolation_EIP-ERC721-zk-SNARK-Extension,ok,,1,15,0,1335,1,64,64,1.000000,1045,55,0.052632,115,32,0.278261
NethermindEth_stellar-private-payments,ok,,8,28,0,1194,19,42,30,0.714286,581,67,0.115318,131,65,0.496183
ngmachado_stealth-payment-cli,ok,,2,4,0,25152,2,7,7,1.000000,17,4,0.235294,17,4,0.235294
ngotanphuoc_ZKP,ok,,49,100,0,28502,24,243,237,0.975309,22365,1787,0.079902,364,142,0.390110
nguyenvuong1309_zkp-bridge,ok,,6,28,0,25970,6,52,45,0.865385,20386,860,0.042186,94,36,0.382979
NightfallRollup_nightfall-phase2ceremony,ok,,7,34,0,26864,22,57,54,0.947368,1902,750,0.394322,333,145,0.435435
nikoumba_zk_whitelist,ok,,1,1,0,27,3,2,2,1.000000,5,0,0.000000,5,0,0.000000
niltonheck_super-duper-enigma,ok,,2,34,3,2934,45,108,86,0.796296,21869,1201,0.054918,226,92,0.407080
nobitex_sigmab,ok,,5,30,0,69737,129,280,72,0.257143,2630,498,0.189354,374,146,0.390374
NOC-tura_Noctura-Test-Wallet-App,ok,,6,9,0,25500,7,29,22,0.758621,132,80,0.606061,132,80,0.606061
nocturne-xyz_protocol,ok,,4,35,0,27088,80,95,89,0.936842,22523,1353,0.060072,279,119,0.426523
noelkelias_lova,ok,,7,30,0,26708,35,79,48,0.607595,22195,1303,0.058707,164,58,0.353659
noway_nzcb-circom,ok,,34,42,27,391,3,47,15,0.319149,403,6,0.014888,22,4,0.181818
Nox-Labs_confidential-transfers,ok,,6,29,0,26289,16,74,51,0.689189,622,91,0.146302,204,67,0.328431
noyla_elysiumJourneys,ok,,2,2,0,15,2,2,0,0.000000,3,1,0.333333,3,1,0.333333
nullity00_batch-ecdsa-secp256r1,ok,,6,12,5,25634,6,7,3,0.428571,44,6,0.136364,33,4,0.121212
nullity00_zkp-mooc-berkeley,ok,,8,9,0,370,21,35,16,0.457143,49,21,0.428571,47,19,0.404255
nulltea_zk-SQL,ok,,4,14,0,25825,12,41,26,0.634146,469,28,0.059701,81,21,0.259259
nvnx7_tsunami-monorepo,ok,,3,13,0,25534,6,32,27,0.843750,460,36,0.078261,79,34,0.430380
nytdevansh_V-Face,ok,,1,8,0,25396,4,16,15,0.937500,419,7,0.016706,38,5,0.131579
nzengi_circom-algolib,ok,,33,43,32,268,13,0,0,0.000000,2,0,0.000000,2,0,0.000000
ocdbytes_ZK,ok,,7,8,3,414,10,8,6,0.750000,44,12,0.272727,44,12,0.272727
OnChainMee_zkml-erc8004,ok,,2,2,0,83,6,8,6,0.750000,21,6,0.285714,20,5,0.250000
OpaqueProtocol_opaque-mono,ok,,1,11,0,640,7,23,21,0.913043,431,21,0.048724,49,18,0.367347
orbinum_circuits,ok,,4,20,0,26152,11,67,62,0.925373,595,102,0.171429,160,64,0.400000
Orbiter-Finance_stark-snark-recursive-proofs,failed,no_main_entry,0,0,0,0,0,0,0,0.000000,0,0,0.000000,0,0,0.000000
Orbiter-Vizing_zkevm-proverjs,ok,,2,2,5,204,2,5,3,0.600000,86738,86434,0.996495,59,56,0.949153
oskarth_zkconspiracy,ok,,2,10,0,25422,5,20,17,0.850000,433,22,0.050808,51,20,0.392157
oskarth_zkintro-tutorial,ok,,7,14,0,25411,7,23,20,0.869565,429,14,0.032634,48,12,0.250000
ouromoros_rlp-circom,ok,,3,10,1,736,10,26,18,0.692308,2477,1013,0.408962,98,12,0.122449
OutDID-io_circom-bug-poc,ok,,5,35,1,27199,37,89,63,0.707865,20766,929,0.044737,219,106,0.484018
OwshenNetwork_bermuda,ok,,4,24,0,5213,99,189,56,0.296296,1219,343,0.281378,269,86,0.319703
Pain351_ZKneP,ok,,5,10,0,404,5,48,43,0.895833,440,36,0.081818,59,34,0.576271
pantherfoundation_panther-core,ok,,23,84,3,32663,145,405,240,0.592593,1641,1021,0.622182,1056,903,0.855114
paradigmxyz_zk-eth-rng,ok,,1,18,0,3001,40,219,90,0.410959,1390,328,0.235971,185,74,0.400000
paris-geo-hackers_ParisCircuits,ok,,2,4,0,25142,2,4,4,1.000000,12,1,0.083333,12,1,0.083333
ParthRathix0_AuthVault.zk,ok,,1,6,0,216,1,14,13,0.928571,402,6,0.014925,21,4,0.190476
PascalThePundit_ArciumHyde,ok,,3,3,1,157,8,5,3,0.600000,117,3,0.025641,24,3,0.125000
paschal533_Deximpli,ok,,4,10,9,26067,7,13,6,0.461538,92,9,0.097826,51,9,0.176471
Pecunia-Labs_pecunia-tron,ok,,4,20,0,25701,25,35,35,1.000000,20480,839,0.040967,55,18,0.327273
pendapay_confidential-transaction,ok,,5,8,0,25162,1,1,1,1.000000,17,4,0.235294,17,4,0.235294
phamnam1805_private-dao-circuits,ok,,7,25,0,2205,25,96,90,0.937500,649,112,0.172573,202,76,0.376238
phated_afterimage,ok,,4,14,0,25842,6,29,24,0.827586,468,36,0.076923,87,34,0.390805
pierpaolodm_Privacy-PreservingProofs4EditedPhotos,failed,no_main_entry,0,0,0,0,0,0,0,0.000000,0,0,0.000000,0,0,0.000000
pileum-eu_pileum-connect-circuit,ok,,1,29,0,26678,31,48,47,0.979167,20760,917,0.044171,187,67,0.358289
playmint_exp-snark-combat,ok,,2,11,0,26098,43,25,17,0.680000,515,52,0.100971,133,49,0.368421
pluto_web-prover-circuits,ok,,6,28,0,26607,34,69,35,0.507246,1530,227,0.148366,229,83,0.362445
Portkey-Wallet_zkLogin-circuit,ok,,10,52,0,28840,88,137,107,0.781022,22368,1444,0.064557,417,197,0.472422
Poseidon-ZKP_Applied-ZKP-Workshop,ok,,4,8,0,25217,5,6,4,0.666667,34,12,0.352941,33,11,0.333333
Poseidon-ZKP_zkShuffle,ok,,6,22,0,1065,12,59,53,0.898305,579,75,0.129534,137,47,0.343066
PratyushRT_ZKDT,ok,,2,8,0,734,10,22,22,1.000000,458,38,0.082969,75,36,0.480000
privacy-ethereum_circom-ecdsa-p256,ok,,12,24,5,102448,9,30,15,0.500000,458,11,0.024017,67,9,0.134328
privacy-ethereum_nova-ml,ok,,7,30,26,26515,31,72,42,0.583333,25764,4532,0.175904,182,114,0.626374
privacy-ethereum_rln,ok,,2,8,0,25353,12,20,14,0.700000,59,22,0.372881,58,21,0.362069
privacy-ethereum_zkID,ok,,3,31,15,27079,64,110,77,0.700000,974,136,0.139630,293,133,0.453925
PrivateGuardian-protocol_PrivateGuardian,ok,,2,27,0,26601,2,92,92,1.000000,1155,123,0.106494,214,93,0.434579
prxgr4mm3r_Diploma,ok,,5,13,0,25462,5,13,13,1.000000,435,22,0.050575,54,20,0.370370
puneet166_KYC-with-ZK-Snarks,ok,,2,10,0,25430,2,18,18,1.000000,431,11,0.025522,50,9,0.180000
Punith-KK_Kira,ok,,6,25,0,914,45,47,44,0.936170,578,55,0.095156,119,28,0.235294
Q8yi_TayQiYing_bdaf,ok,,99,201,0,56945,49,489,475,0.971370,44713,3573,0.079910,711,283,0.398031
qiwihui_tornadocash,ok,,1,12,0,1083,5,46,45,0.978261,508,46,0.090551,97,28,0.288660
qkeyco_EthVaultPQ,ok,,3,23,0,26005,4,55,55,1.000000,20901,854,0.040859,100,31,0.310000
questbook_browser-snark,ok,,50,121,0,54312,61,287,281,0.979094,42719,2631,0.061589,427,163,0.381733
r0qs_zkcertree,ok,,10,33,0,26428,16,86,75,0.872093,624,120,0.192308,193,85,0.440415
rac-sri_Cryptography-and-Math-Coding,ok,,5,23,0,26379,7,76,76,1.000000,1091,86,0.078827,160,63,0.393750
racampos_darkswap,ok,,1,8,0,25360,1,17,17,1.000000,422,7,0.016588,41,5,0.121951
ragahv05-maker_credity,failed,no_main_entry,0,0,0,0,0,0,0,0.000000,0,0,0.000000,0,0,0.000000
raghavbadhwar_gym-,ok,,3,4,0,145,8,16,3,0.187500,37,14,0.378378,29,6,0.206897
rahulbarmann_l8zk,ok,,3,31,14,27017,62,103,73,0.708738,965,130,0.134715,279,127,0.455197
RAJIV81205_X-Ramp,ok,,3,18,0,26480,13,105,91,0.866667,1886,881,0.467126,180,85,0.472222
randxie_zku-background,ok,,1,1,0,9,1,0,0,0.000000,2,0,0.000000,2,0,0.000000
RareSkills_zero-knowledge-puzzles,ok,,28,33,0,438,28,37,14,0.378378,443,33,0.074492,44,16,0.363636
Rate-Limiting-Nullifier_circom-rln,ok,,2,11,0,25407,4,14,14,1.000000,434,18,0.041475,51,15,0.294118
Ratimon_raiton-protocol-core,ok,,2,12,0,25519,7,29,23,0.793103,458,37,0.080786,73,32,0.438356
ravencyan_bdaf_zkp_lab,ok,,4,11,0,25372,4,20,18,0.900000,420,9,0.021429,39,7,0.179487
rdi-berkeley_zkp-course-lecture3-code,ok,,1,1,0,59,5,2,0,0.000000,7,1,0.142857,4,1,0.250000
rdi-berkeley_zkp-mooc-lab,ok,,8,9,0,217,20,17,6,0.352941,43,19,0.441860,41,17,0.414634
rhysbalevicius_infimum,ok,,2,30,0,2178,75,52,52,1.000000,1250,211,0.168800,299,171,0.571906
Rimeeeeee_zkAudit,ok,,97,199,0,56937,47,485,473,0.975258,44708,3572,0.079896,706,282,0.399433
RingsNetwork_rings,ok,,2,3,0,322,4,1,1,1.000000,21,5,0.238095,18,5,0.277778
RippnerLabs_cloak-minster-ballot,ok,,3,10,0,25535,7,23,18,0.782609,452,35,0.077434,71,33,0.464789
robdgs_Circom_Tryout,ok,,2,2,2,29,2,2,2,1.000000,6,0,0.000000,6,0,0.000000
robdicoco_chat-zk,ok,,1,1,0,8,1,0,0,0.000000,2,1,0.500000,2,1,0.500000
rodrigombsoares_zero-knowledge-puzzles-solutions,ok,,12,20,0,25774,12,25,16,0.640000,468,36,0.076923,69,19,0.275362
rohanphw_proofoflove,ok,,1,8,0,328,2,17,16,0.941176,429,12,0.027972,48,10,0.208333
Ronnieraj37_ETH-villa,ok,,2,4,0,25174,9,4,3,0.750000,31,10,0.322581,31,10,0.322581
rooch-network_rooch,ok,,16,47,0,2641,1,111,110,0.990991,21840,1186,0.054304,240,76,0.316667
Rorical_KoraCoin,ok,,1,8,0,25359,1,18,18,1.000000,420,6,0.014286,39,4,0.102564
rtavarezz_zkTwitter,ok,,2,13,0,25494,6,25,23,0.920000,445,14,0.031461,64,12,0.187500
ryanycw_hello-zk-boilerplate,ok,,3,5,3,25255,4,11,7,0.636364,103,87,0.844660,21,6,0.285714
saeyoon17_zk-models,ok,,8,17,0,931,30,37,15,0.405405,533,67,0.125704,84,48,0.571429
saharAP_phd-nova-zkml,ok,,7,11,21,668,11,23,4,0.173913,30757,30728,0.999057,79,50,0.632911
Saichand-Samudrala_Performance-Analysis-of-Zero-Knowledge-Proofs,ok,,11,11,0,154,11,0,0,0.000000,33,9,0.272727,33,9,0.272727
sambitsargam_AITutorHub,ok,,1,1,0,8,1,0,0,0.000000,2,1,0.500000,2,1,0.500000
Samyoul_shardseals,ok,,1,3,0,25134,8,4,4,1.000000,14,4,0.285714,14,4,0.285714
santacroce-tech_zkgame,ok,,3,5,0,288,7,11,8,0.727273,4313,4304,0.997913,69,60,0.869565
SanthoshVasabhaktula_units-prototype,ok,,3,3,9,386,6,39,25,0.641026,106,70,0.660377,106,70,0.660377
Sarkoxed_zk-circuit-verification,ok,,9,35,2,949,38,56,51,0.910714,20562,944,0.045910,82,30,0.365854
Sayhighz_zero-id,ok,,4,4,0,78,6,4,2,0.500000,29,0,0.000000,17,0,0.000000
Schreezer_ZK_AgeVerification,ok,,15,30,0,1561,15,123,120,0.975610,3198,2180,0.681676,160,53,0.331250
sCrypt-Inc_sudoku-bounty,ok,,7,7,7,21,0,0,0,0.000000,0,0,0.000000,0,0,0.000000
SDABIS_SINF_ZK,ok,,3,12,0,25485,5,26,22,0.846154,488,58,0.118852,62,20,0.322581
Se7en-Seas_circom-mangoes,ok,,14,36,0,27967,53,180,65,0.361111,1161,222,0.191214,235,76,0.323404
SealevelStudio_SealevelStudio,ok,,4,4,0,122,12,14,12,0.857143,26,12,0.461538,24,10,0.416667
seetadev_ZKMedical-Billing,ok,,7,40,15,27859,48,112,87,0.776786,21897,1249,0.057040,269,109,0.405204
SeismicSystems_network-states-enclave,ok,,13,34,0,26669,33,57,28,0.491228,723,146,0.201936,263,114,0.433460
semaraugusto_mobilenet-nova,ok,,7,25,12,1373,24,58,30,0.517241,596,153,0.256711,203,148,0.729064
Semiott_SuffrageNet,ok,,32,66,1,28273,38,220,144,0.654545,4320,896,0.207407,342,188,0.549708
Semiott_TerrainNet,ok,,26,54,0,27434,26,155,97,0.625806,1233,194,0.157340,289,156,0.539792
Semiott_VerityNet,ok,,27,55,0,27412,26,152,97,0.638158,1230,193,0.156911,286,155,0.541958
Sensanaty99_Circom-group-rsa-verify,ok,,16,24,2,662,9,10,7,0.700000,102,7,0.068627,39,8,0.205128
sergeytimoshin_zkpoker,ok,,8,24,0,27221,27,143,113,0.790210,3574,2211,0.618635,399,202,0.506266
shhresth_AnonHire,ok,,2,9,0,25382,2,21,21,1.000000,420,10,0.023810,39,8,0.205128
Shigeo1042_Issuer-Hiding,ok,,34,50,0,27213,59,56,34,0.607143,150,40,0.266667,150,40,0.266667
Shigoto-dev19_ZK-Battleships-Solana,ok,,2,20,0,26129,7,57,57,1.000000,562,65,0.115658,123,35,0.284553
ShubhamKarampure_Skill-Z-Stack-NitHack,ok,,3,10,0,25421,3,24,24,1.000000,434,14,0.032258,53,12,0.226415
shuv-amp_ZK-Guardian,ok,,2,11,0,25541,3,32,31,0.968750,471,45,0.095541,74,27,0.364865
shuva10v_zkopengov,ok,,1,10,0,25424,3,22,19,0.863636,437,19,0.043478,56,17,0.303571
sigmachirality_empty-house,ok,,5,19,1,26234,13,61,46,0.754098,562,59,0.104982,138,38,0.275362
silversixpence-crypto_zk-proof-of-assets,ok,,28,36,26,25527,14,21,7,0.333333,2467,864,0.350223,79,44,0.556962
simonatweb3_zkPoker,ok,,6,22,0,1065,12,59,53,0.898305,579,75,0.129534,137,47,0.343066
Sindri-Labs_sindri-resources,ok,,5,26,0,1660,93,92,82,0.891304,46455,25694,0.553094,159,45,0.283019
sismo-core_hydra-s1-zkps,ok,,1,17,0,26029,4,66,64,0.969697,554,77,0.138989,127,46,0.362205
sisu-network_sisu-bridge,ok,,20,64,1,9676,157,350,93,0.265714,22147,1333,0.060189,457,184,0.402626
skyyycodes_nebula-wallet,ok,,2,5,0,852,33,21,2,0.095238,31018,11894,0.383455,86,32,0.372093
SMaityCodes_Privacy-Preserving-ORB-Matching-system,ok,,1,9,0,25555,5,22,18,0.818182,446,11,0.024664,65,9,0.138462
Smera1d0_2025_sdu_entrepreneurship_practice,ok,,1,2,0,143,2,1,1,1.000000,97,0,0.000000,63,0,0.000000
Smitbafna_ZK-AgentMesh,ok,,1,11,0,25657,7,29,20,0.689655,496,54,0.108871,115,52,0.452174
snowolf46_circom_demo,ok,,10,31,0,26825,43,76,50,0.657895,21006,872,0.041512,157,57,0.363057
socathie_circomlib-ml,ok,,38,79,1,2143,76,120,49,0.408333,25704,25213,0.980898,231,136,0.588745
Solstice-Protocol_SolsticeProtocol,ok,,3,10,0,25374,3,17,17,1.000000,425,9,0.021176,44,7,0.159091
somesh-banerjee_zkp-tutorial,ok,,13,21,0,25835,20,31,17,0.548387,443,14,0.031603,56,12,0.214286
Space-zee_bunny-battle-contract,ok,,2,5,0,25179,2,4,3,0.750000,23,9,0.391304,16,3,0.187500
spacemandev-git_dfdao-arena,ok,,5,6,0,469,5,27,22,0.814815,59,33,0.559322,59,33,0.559322
spo0ds_ZkpPuzzleSolution,ok,,12,20,0,25824,12,27,18,0.666667,474,36,0.075949,69,19,0.275362
sstephanou_accountable-anonymous-credentials,ok,,7,14,0,830,16,45,35,0.777778,466,43,0.092275,84,40,0.476190
stanbar_FDKG,ok,,28,45,1,971,7,43,42,0.976744,544,51,0.093750,110,27,0.245455
stanbar_tornado-haze,ok,,4,22,2,1307,9,59,58,0.983051,559,65,0.116279,127,38,0.299213
Standaa_disclose,ok,,3,19,4,1109,42,61,61,1.000000,3886,2891,0.743953,125,39,0.312000
stefann-01_Fidora,ok,,1,10,0,25460,8,15,15,1.000000,435,13,0.029885,54,11,0.203704
stellar_soroban-examples,ok,,6,10,4,496,12,20,15,0.750000,43,18,0.418605,43,18,0.418605
subhdotsol_Calindria,ok,,1,5,0,25326,8,9,8,0.888889,49,9,0.183673,42,8,0.190476
succinctlabs_telepathy-circuits,ok,,10,54,0,34812,163,349,108,0.309456,23411,2397,0.102388,466,205,0.439914
succinctlabs_telepathyx,ok,,4,48,0,34772,163,349,108,0.309456,23316,2375,0.101861,464,212,0.456897
supreme2580_zylith,ok,,3,10,0,25591,6,40,37,0.925000,620,176,0.283871,95,30,0.315789
SutuLabs_zkFuture-battleship,ok,,2,12,0,645,5,29,28,0.965517,428,16,0.037383,44,12,0.272727
TaceoLabs_maci-circom,ok,,12,47,0,186136,435,263,261,0.992395,5925,945,0.159494,1464,757,0.517077
TaceoLabs_oprf-service,ok,,40,40,40,235,12,34,9,0.264706,20,7,0.350000,13,6,0.461538
Tamoura_KarimSW,ok,,4,12,0,25419,4,20,20,1.000000,432,19,0.043981,50,16,0.320000
tanctl_zylith,ok,,6,17,0,30021,71,522,147,0.281609,1832,509,0.277838,727,143,0.196699
tangle-network_masp-protocol,ok,,14,54,1,27442,22,156,121,0.775641,20914,1021,0.048819,331,177,0.534743
tanmayij_ZK-Identities,ok,,2,10,0,25569,7,22,17,0.772727,458,28,0.061135,76,25,0.328947
teamHITK_zkExchange,ok,,1,13,0,25465,6,24,22,0.916667,438,21,0.047945,55,17,0.309091
technitish9123_Midas,ok,,2,4,0,284,6,2,2,1.000000,22,5,0.227273,22,5,0.227273
Tensored-Flow_SkillProof,ok,,2,2,0,87,4,8,3,0.375000,51,4,0.078431,20,4,0.200000
Teycir_ZkPatternFuzz,ok,,59,85,5,27178,75,138,106,0.768116,21255,1051,0.049447,375,125,0.333333
ThanggA7_ZKP-HACKATHON,ok,,5,15,3,25594,8,23,15,0.652174,449,17,0.037862,65,13,0.200000
theyuvan_chain.link,ok,,1,8,0,25352,1,16,16,1.000000,419,10,0.023866,38,8,0.210526
ThierrySans_CSCD21,ok,,1,3,0,25131,1,3,3,1.000000,13,1,0.076923,13,1,0.076923
thomaslavaur_Verifiable-Multi-Agent-Multi-Task-Assignment-Anemoi-Hash-Function,ok,,1,7,4,874,30,26,2,0.076923,151,67,0.443709,86,29,0.337209
THUBA-DAO_HippocraticIsland,ok,,49,100,0,28474,24,243,237,0.975309,22355,1785,0.079848,354,140,0.395480
tiktok-privacy-innovation_trustless-attestation-verification-circom,ok,,4,15,5,1079,18,38,16,0.421053,2042,0,0.000000,52,11,0.211538
timfaner_decision-market,ok,,6,76,0,29862,112,207,130,0.628019,21085,1122,0.053213,539,299,0.554731
timon131_ma_webstorm_v4,ok,,11,32,29,27626,44,99,34,0.343434,740,183,0.247297,359,181,0.504178
timyiu478_zkp-mooc,ok,,9,10,0,397,25,37,17,0.459459,51,20,0.392157,46,18,0.391304
tl2cents_Public-CTF-Challenges,ok,,2,7,0,356,6,14,14,1.000000,406,6,0.014778,25,4,0.160000
tobinsouth_zktax,ok,,5,19,0,1029,1,63,63,1.000000,1031,54,0.052376,101,31,0.306931
tokamak-network_DEPRECATED-Tokamak-zkp-channel-manager,ok,,53,81,44,3147,124,109,30,0.275229,2181,0,0.000000,315,0,0.000000
tokamak-network_Tokamak-zk-EVM,ok,,52,80,44,3139,123,108,30,0.277778,2179,0,0.000000,313,0,0.000000
Tonnel-Network_core-v4,ok,,7,32,0,1307,17,66,48,0.727273,20671,887,0.042910,124,64,0.516129
trifle-labs_anybody-problem,ok,,28,45,0,1061,37,64,53,0.828125,506,0,0.000000,71,3,0.042254
Ty-HA_zkage-proof-mobile,ok,,4,4,0,59,5,4,1,0.250000,19,4,0.210526,19,4,0.210526
typhoonmixer_circuits,ok,,50,114,0,34343,48,267,258,0.966292,23008,1971,0.085666,477,180,0.377358
uiuc-kang-lab_zkperf,ok,,16,97,6,96422,201,356,140,0.393258,1625078,777953,0.478717,522,223,0.427203
UjjwalCodes01_BitZen,ok,,1,8,0,25339,1,15,15,1.000000,414,6,0.014493,33,4,0.121212
UmutTurk24_Applied-Cryptography-Projects,ok,,2,5,0,25186,2,1,1,1.000000,23,7,0.304348,23,7,0.304348
UrsaMajor-t_stark-snark-recursive-proofs,failed,no_main_entry,0,0,0,0,0,0,0,0.000000,0,0,0.000000,0,0,0.000000
USTC-Hackergame_hackergame2024-writeups,ok,,3,8,0,432,9,15,15,1.000000,409,7,0.017115,28,5,0.178571
utsavempiric20_zk-circom-project,ok,,6,14,0,25532,10,32,26,0.812500,445,17,0.038202,63,14,0.222222
vacp2p_research,ok,,5,30,0,52298,27,122,103,0.844262,3597,700,0.194607,206,68,0.330097
vaibhavgeek_ethindia-hack,ok,,1,6,0,219,1,13,13,1.000000,403,5,0.012407,22,3,0.136364
Valortin_ZK-Packed-Red,ok,,1,2,0,142,3,1,1,1.000000,11,2,0.181818,11,2,0.181818
valtoosh_zktoosh,ok,,4,20,0,26328,12,101,98,0.970297,676,137,0.202663,213,70,0.328638
veljkovranic_shortcircuit,ok,,52,103,1,28556,28,248,241,0.971774,22366,1792,0.080122,365,147,0.402740
Veridise_zk-language-comparison,ok,,1,11,0,25494,7,15,15,1.000000,451,23,0.050998,63,17,0.269841
VerifiedAnon_sample-circom-groth16,ok,,1,4,0,25130,8,2,2,1.000000,12,1,0.083333,12,1,0.083333
verifizieren_swiss-hash,ok,,1,3,0,25179,4,9,8,0.888889,26,11,0.423077,26,11,0.423077
VersoriumX_Remix-Project-X,ok,,7,9,11,221,14,12,6,0.500000,52,23,0.442308,51,23,0.450980
victoirefem_bp_final,ok,,57,70,0,26401,97,55,16,0.290909,741,239,0.322537,198,79,0.398990
Victor-Okpukpan_zk-auction,ok,,1,8,0,25338,1,16,16,1.000000,413,8,0.019370,32,6,0.187500
VictorColomb_stark-snark-recursive-proofs,failed,no_main_entry,0,0,0,0,0,0,0,0.000000,0,0,0.000000,0,0,0.000000
victoryeo_circom_zkp,ok,,3,19,0,26569,57,81,69,0.851852,1082,78,0.072089,149,51,0.342282
victoryeo_private-txn-app,ok,,23,53,0,27031,23,130,69,0.530769,728,197,0.270604,281,162,0.576512
VietSory_ZKP-full,ok,,5,15,3,25595,8,23,15,0.652174,449,17,0.037862,65,13,0.200000
visaladi_did_Python,ok,,1,6,0,225,1,14,14,1.000000,404,5,0.012376,23,3,0.130435
VitalPointAI_argus,ok,,14,27,6,26598,14,122,122,1.000000,709,97,0.136812,283,74,0.261484
vocdoni_zk-franchise-proof-circuit,failed,no_main_entry,0,0,0,0,0,0,0,0.000000,0,0,0.000000,0,0,0.000000
voidcenter_ew-zw,ok,,4,13,0,393,9,20,13,0.650000,432,9,0.020833,45,8,0.177778
vplasencia_semaphorev4-generate-zk-artifacts,failed,no_main_entry,0,0,0,0,0,0,0,0.000000,0,0,0.000000,0,0,0.000000
vplasencia_zkGames,ok,,3,8,0,544,3,12,12,1.000000,578,5,0.008651,25,3,0.120000
vvmafra_EnerTradeZK,ok,,3,8,0,248,5,18,13,0.722222,408,7,0.017157,27,5,0.185185
w3hc_w3pk,ok,,5,12,0,25444,5,27,24,0.888889,437,19,0.043478,56,17,0.303571
WasinYokk_OTC,ok,,53,104,0,28711,131,274,257,0.937956,22422,1815,0.080947,413,170,0.411622
WasmJuicer_ceremony,ok,,1,9,0,25390,3,17,16,0.941176,425,12,0.028235,43,10,0.232558
WasmJuicer_juicer,ok,,1,9,0,25390,3,17,16,0.941176,425,12,0.028235,43,10,0.232558
weavedb_zkjson,ok,,6,46,0,27943,8,75,72,0.960000,20807,940,0.045177,223,114,0.511211
Web3-Study-with-Sigrid-Jin_shield-example,ok,,56,107,0,28685,31,253,242,0.956522,22395,1798,0.080286,394,153,0.388325
Wenbobobo_WhisperFi,ok,,8,15,0,26644,35,46,35,0.760870,488,47,0.096311,106,44,0.415094
whatthehackinsg_agent-auction,ok,,2,10,0,25409,2,20,20,1.000000,430,16,0.037209,48,13,0.270833
wizicer_web3fl,ok,,7,29,0,26444,9,93,90,0.967742,1857,847,0.456112,143,44,0.307692
woocash2_zk-wordle,ok,,2,2,2,244,14,9,8,0.888889,342,31,0.090643,50,22,0.440000
worldcoin_world-id-protocol,ok,,37,37,37,226,12,34,9,0.264706,20,7,0.350000,13,6,0.461538
WUT-MiNI-Bachelor-Thesis_zkVote,ok,,4,17,0,894,7,56,55,0.982143,533,53,0.099437,102,30,0.294118
wyf-ACCEPT_ZK-Decision-Tree-Demo,ok,,3,12,0,685,26,26,23,0.884615,484,47,0.097107,82,24,0.292683
xarlabs_zkey,ok,,49,120,0,29577,54,263,249,0.946768,22925,2085,0.090949,466,185,0.396996
xorddotcom_SHIELD,ok,,4,4,0,32,4,0,0,0.000000,8,7,0.875000,8,7,0.875000
yagnadeepxo_eth_mixer,ok,,2,7,0,5365,10,4,4,1.000000,856,796,0.929907,47,10,0.212766
yashodipmore_VeriChain-Identity-Protocol,ok,,5,12,0,25451,5,26,26,1.000000,442,17,0.038462,61,15,0.245902
yehanlong_zk-email-test,ok,,5,8,20,774,9,12,0,0.000000,229,166,0.724891,81,42,0.518519
yest96_circom-analyzer,ok,,7,19,0,1092,48,67,63,0.940299,1051,58,0.055186,122,35,0.286885
yi-sun_zk-attestor,ok,,16,33,1,3355,45,247,103,0.417004,6696,4434,0.662186,291,98,0.336770
ymcrcat_soroban-privacy-pools,ok,,5,9,4,486,11,18,14,0.777778,41,17,0.414634,41,17,0.414634
yonadaa_SNARKTag,ok,,3,11,0,433,3,14,13,0.928571,445,16,0.035955,63,13,0.206349
yongenportkey_example-circuit,ok,,21,63,0,28868,96,138,91,0.659420,22265,1324,0.059466,422,157,0.372038
yugocabrio_commitment,ok,,35,78,1,27588,17,199,193,0.969849,21459,1246,0.058064,297,119,0.400673
yuki-waseda_zkp,ok,,17,31,19,27097,19,71,70,0.985915,1080,143,0.132407,222,89,0.400901
Yupsecous_zk-patent,ok,,1,15,0,562,16,27,26,0.962963,20210,839,0.041514,44,18,0.409091
yushihang_circomExamples,ok,,14,14,0,257,23,7,1,0.142857,46,14,0.304348,46,14,0.304348
zeke-02_final-project-zku,ok,,4,6,0,395,6,8,6,0.750000,33,13,0.393939,32,13,0.406250
Zellic_zkerc20,ok,,1,12,0,25734,4,20,20,1.000000,448,26,0.058036,67,24,0.358209
zero-savvy_burn-to-vote,ok,,1,20,3,26473,38,80,60,0.750000,3703,2797,0.755334,194,84,0.432990
zero-savvy_vimz,ok,,19,41,0,26488,61,39,33,0.846154,615,90,0.146341,166,75,0.451807
zeroledger_circuits,ok,,12,13,4,94,2,0,0,0.000000,9,4,0.444444,9,4,0.444444
zeroqn_zku,ok,,23,76,1,28098,52,160,136,0.850000,21488,1021,0.047515,378,183,0.484127
zhuocai_Correlated-Equilibrium-Sampling-on-Smart-Contracts,ok,,73,153,0,97964,99,475,291,0.612632,24607,2079,0.084488,654,240,0.366972
zk-poll_zk-poll,ok,,21,44,0,68943,64,211,41,0.194313,2184,259,0.118590,244,71,0.290984
zk-prediction-market_zk-prediction-market,ok,,1,4,0,25150,1,3,3,1.000000,31,8,0.258065,20,4,0.200000
ZkBlind_ZkBlindNextJs,ok,,10,54,0,70760,99,385,99,0.257143,28113,1304,0.046384,371,143,0.385445
ZKCamp_plonk-circom-assignment,ok,,1,1,0,9,1,0,0,0.000000,1,0,0.000000,1,0,0.000000
ZKCamp_plonk-circom-assignment-public,ok,,1,1,0,9,1,0,0,0.000000,1,0,0.000000,1,0,0.000000
zkFHE_circomlib-fhe,ok,,42,91,0,2645,94,49,14,0.285714,738,107,0.144986,263,88,0.334601
ZKIWteam_ZKIW_sdk,ok,,2,4,0,25171,2,3,2,0.666667,44,25,0.568182,35,16,0.457143
zkmopro_benchmark-app,ok,,25,86,0,35033,235,686,170,0.247813,23083,1692,0.073301,712,313,0.439607
zkmopro_circuit-registry,ok,,14,71,5,29498,87,257,111,0.431907,21584,1226,0.056801,444,205,0.461712
zkonduit_formalbenchmarks,ok,,112,161,0,28141,100,251,251,1.000000,21197,1000,0.047176,313,122,0.389776
zkp2p_zkp2p-poc,ok,,2,38,0,29781,47,123,93,0.756098,22005,1273,0.057850,263,102,0.387833
zksecurity_zkbugs,ok,,72,213,1,59624,217,583,513,0.879931,44205,2987,0.067572,1042,450,0.431862
zkVerify_explorations,ok,,1,6,0,228,1,13,13,1.000000,409,6,0.014670,28,4,0.142857
zkVerify_zkverify-evm-dapp-example,ok,,1,1,0,8,1,0,0,0.000000,2,1,0.500000,2,1,0.500000
zkzoomer_congestion-control,ok,,6,31,0,26873,18,70,61,0.871429,765,265,0.346405,339,234,0.690265
zmixdotio_zmix,ok,,1,8,0,25445,5,21,19,0.904762,445,25,0.056180,63,23,0.365079
ZpokenWeb3_panther,ok,,74,186,3,61158,171,650,476,0.732308,24004,2809,0.117022,1418,1046,0.737659
Zyra-V21_ZKUzumaki,ok,,9,24,4,25761,11,45,37,0.822222,512,63,0.123047,129,61,0.472868
